Workbook

Sheet 6M
B1: STK | C1: ATM | D1: -1.5 | E1: -1 | F1: 0 | G1: 0.5 | H1: 1 | I1: 1.5 | J1: 2 | K1: 3 | L1: 4 | M1: 5 | N1: 6 | O1: 7 | P1: 10
A2: 1Y | B2: 1.97 | C2: 5.53 | D2: 39.9 | E2: 32 | F2: 21 | G2: 16.6 | H2: 12.6 | I2: 8.9 | J2: 5.4 | K2: 8.4 | L2: 11.6 | M2: 14.1 | N2: 16.8 | O2: 19.5 | P2: 26.2
A3: 18M | B3: 1.97 | C3: 6.75 | D3: 38 | E3: 30.7 | F3: 20.5 | G3: 16.5 | H3: 12.9 | I3: 9.5 | J3: 6.7 | K3: 9.8 | L3: 12.9 | M3: 15.5 | N3: 17.6 | O3: 19.4 | P3: 23.7
A4: 2Y | B4: 2 | C4: 7.55 | D4: 37 | E4: 30 | F4: 20.3 | G4: 16.5 | H4: 13.1 | I4: 10 | J4: 7.6 | K4: 10.5 | L4: 13.5 | M4: 16 | N4: 18.1 | O4: 19.9 | P4: 24.1
A5: 3Y | B5: 2.17 | C5: 9.48 | D5: 36 | E5: 29.6 | F5: 20.8 | G5: 17.4 | H5: 14.4 | I5: 11.8 | J5: 9.7 | K5: 11.1 | L5: 13.4 | M5: 15.5 | N5: 17.3 | O5: 18.8 | P5: 22.4
A6: 4Y | B6: 2.25 | C6: 10.24 | D6: 32.3 | E6: 26.8 | F6: 19.5 | G6: 16.7 | H6: 14.3 | I6: 12.1 | J6: 10.5 | K6: 11.3 | L6: 12.8 | M6: 14.3 | N6: 15.6 | O6: 16.7 | P6: 19.5
A7: 5Y | B7: 2.33 | C7: 10.74 | D7: 29.8 | E7: 25 | F7: 18.6 | G7: 16.2 | H7: 14.2 | I7: 12.4 | J7: 10.9 | K7: 11.4 | L7: 12.5 | M7: 13.5 | N7: 14.5 | O7: 15.5 | P7: 17.7
A8: 6Y | B8: 2.39 | C8: 11.06 | D8: 28 | E8: 23.7 | F8: 18 | G8: 15.9 | H8: 14.1 | I8: 12.5 | J8: 11.2 | K8: 11.5 | L8: 12.2 | M8: 13 | N8: 13.8 | O8: 14.5 | P8: 16.3
A9: 7Y | B9: 2.46 | C9: 11.26 | D9: 26.5 | E9: 22.6 | F9: 17.4 | G9: 15.6 | H9: 14 | I9: 12.6 | J9: 11.4 | K9: 11.5 | L9: 12 | M9: 12.5 | N9: 13.1 | O9: 13.7 | P9: 15.2
A10: 8Y | B10: 2.52 | C10: 11.37 | D10: 25.3 | E10: 21.7 | F10: 17 | G10: 15.3 | H10: 13.9 | I10: 12.6 | J10: 11.6 | K10: 11.5 | L10: 11.8 | M10: 12.2 | N10: 12.6 | O10: 13 | P10: 14.2
A11: 9Y | B11: 2.58 | C11: 11.42 | D11: 24.4 | E11: 21 | F11: 16.6 | G11: 15.1 | H11: 13.8 | I11: 12.6 | J11: 11.6 | K11: 11.5 | L11: 11.7 | M11: 11.9 | N11: 12.2 | O11: 12.5 | P11: 13.6
A12: 10Y | B12: 2.63 | C12: 11.43 | D12: 23.8 | E12: 20.6 | F12: 16.4 | G12: 14.9 | H12: 13.7 | I12: 12.6 | J12: 11.7 | K12: 11.5 | L12: 11.6 | M12: 11.7 | N12: 11.9 | O12: 12.2 | P12: 13.2
A13: 12Y | B13: 2.72 | C13: 11.38 | D13: 22.9 | E13: 19.9 | F13: 16 | G13: 14.7 | H13: 13.5 | I13: 12.5 | J13: 11.7 | K13: 11.4 | L13: 11.4 | M13: 11.4 | N13: 11.5 | O13: 11.8 | P13: 12.6
... A17: 30Y | B17: 2.87 | C17: 11.23 | D17: 21.4 | E17: 18.5 | F17: 15 | G17: 13.9 | H17: 13 | I17: 12.3 | J17: 11.7 | K17: 11.2 | L17: 11 | M17: 11 | N17: 11.1 | O17: 11.3 | P17: 12.1

Sheet 3M_vols
A1: Maturity | B1: STK | C1: ATM | D1: -1.5 | E1: -1 | F1: 0 | G1: 0.5 | H1: 1 | I1: 1.5 | J1: 2 | K1: 3 | L1: 4 | M1: 5 | N1: 6 | O1: 7 | P1: 10
A2: 1Y | B2: =ROUND('6M'!B2*0.8917,4) -> 1.7566 | C2: =ROUND('6M'!C2*0.8917,4) -> 4.9311 | D2: =ROUND('6M'!D2*0.8917,4) -> 35.5788 | E2: =ROUND('6M'!E2*0.8917,4) -> 28.5344 | F2: =ROUND('6M'!F2*0.8917,4) -> 18.7257 | G2: =ROUND('6M'!G2*0.8917,4) -> 14.8022 | H2: =ROUND('6M'!H2*0.8917,4) -> 11.2354 | I2: =ROUND('6M'!I2*0.8917,4) -> 7.9361 | ... P2: =ROUND('6M'!P2*0.8917,4) -> 23.3625
A3: 18M | B3: =ROUND('6M'!B3*0.8917,4) -> 1.7566 | C3: =ROUND('6M'!C3*0.8917,4) -> 6.019 | D3: =ROUND('6M'!D3*0.8917,4) -> 33.8846 | E3: =ROUND('6M'!E3*0.8917,4) -> 27.3752 | F3: =ROUND('6M'!F3*0.8917,4) -> 18.2799 | G3: =ROUND('6M'!G3*0.8917,4) -> 14.7131 | H3: =ROUND('6M'!H3*0.8917,4) -> 11.5029 | I3: =ROUND('6M'!I3*0.8917,4) -> 8.4712 | ... P3: =ROUND('6M'!P3*0.8917,4) -> 21.1333
A4: 2Y | B4: =ROUND('6M'!B4*0.8917,4) -> 1.7834 | C4: =ROUND('6M'!C4*0.8917,4) -> 6.7323 | D4: =ROUND('6M'!D4*0.8917,4) -> 32.9929 | E4: =ROUND('6M'!E4*0.8917,4) -> 26.751 | F4: =ROUND('6M'!F4*0.8917,4) -> 18.1015 | G4: =ROUND('6M'!G4*0.8917,4) -> 14.7131 | H4: =ROUND('6M'!H4*0.8917,4) -> 11.6813 | I4: =ROUND('6M'!I4*0.8917,4) -> 8.917 | ... P4: =ROUND('6M'!P4*0.8917,4) -> 21.49
A5: 3Y | B5: =ROUND('6M'!B5*0.8917,4) -> 1.935 | C5: =ROUND('6M'!C5*0.8917,4) -> 8.4533 | D5: =ROUND('6M'!D5*0.8917,4) -> 32.1012 | E5: =ROUND('6M'!E5*0.8917,4) -> 26.3943 | F5: =ROUND('6M'!F5*0.8917,4) -> 18.5474 | G5: =ROUND('6M'!G5*0.8917,4) -> 15.5156 | H5: =ROUND('6M'!H5*0.8917,4) -> 12.8405 | I5: =ROUND('6M'!I5*0.8917,4) -> 10.5221 | ... P5: =ROUND('6M'!P5*0.8917,4) -> 19.9741
A6: 4Y | B6: =ROUND('6M'!B6*0.8917,4) -> 2.0063 | C6: =ROUND('6M'!C6*0.8917,4) -> 9.131 | D6: =ROUND('6M'!D6*0.8917,4) -> 28.8019 | E6: =ROUND('6M'!E6*0.8917,4) -> 23.8976 | F6: =ROUND('6M'!F6*0.8917,4) -> 17.3882 | G6: =ROUND('6M'!G6*0.8917,4) -> 14.8914 | H6: =ROUND('6M'!H6*0.8917,4) -> 12.7513 | I6: =ROUND('6M'!I6*0.8917,4) -> 10.7896 | ... P6: =ROUND('6M'!P6*0.8917,4) -> 17.3882
A7: 5Y | B7: =ROUND('6M'!B7*0.8917,4) -> 2.0777 | C7: =ROUND('6M'!C7*0.8917,4) -> 9.5769 | D7: =ROUND('6M'!D7*0.8917,4) -> 26.5727 | E7: =ROUND('6M'!E7*0.8917,4) -> 22.2925 | F7: =ROUND('6M'!F7*0.8917,4) -> 16.5856 | G7: =ROUND('6M'!G7*0.8917,4) -> 14.4455 | H7: =ROUND('6M'!H7*0.8917,4) -> 12.6621 | I7: =ROUND('6M'!I7*0.8917,4) -> 11.0571 | ... P7: =ROUND('6M'!P7*0.8917,4) -> 15.7831
A8: 6Y | B8: =ROUND('6M'!B8*0.8917,4) -> 2.1312 | C8: =ROUND('6M'!C8*0.8917,4) -> 9.8622 | D8: =ROUND('6M'!D8*0.8917,4) -> 24.9676 | E8: =ROUND('6M'!E8*0.8917,4) -> 21.1333 | F8: =ROUND('6M'!F8*0.8917,4) -> 16.0506 | G8: =ROUND('6M'!G8*0.8917,4) -> 14.178 | H8: =ROUND('6M'!H8*0.8917,4) -> 12.573 | I8: =ROUND('6M'!I8*0.8917,4) -> 11.1463 | ... P8: =ROUND('6M'!P8*0.8917,4) -> 14.5347
A9: 7Y | B9: =ROUND('6M'!B9*0.8917,4) -> 2.1936 | C9: =ROUND('6M'!C9*0.8917,4) -> 10.0405 | D9: =ROUND('6M'!D9*0.8917,4) -> 23.6301 | E9: =ROUND('6M'!E9*0.8917,4) -> 20.1524 | F9: =ROUND('6M'!F9*0.8917,4) -> 15.5156 | G9: =ROUND('6M'!G9*0.8917,4) -> 13.9105 | H9: =ROUND('6M'!H9*0.8917,4) -> 12.4838 | I9: =ROUND('6M'!I9*0.8917,4) -> 11.2354 | ... P9: =ROUND('6M'!P9*0.8917,4) -> 13.5538
A10: 8Y | B10: =ROUND('6M'!B10*0.8917,4) -> 2.2471 | C10: =ROUND('6M'!C10*0.8917,4) -> 10.1386 | D10: =ROUND('6M'!D10*0.8917,4) -> 22.56 | E10: =ROUND('6M'!E10*0.8917,4) -> 19.3499 | F10: =ROUND('6M'!F10*0.8917,4) -> 15.1589 | G10: =ROUND('6M'!G10*0.8917,4) -> 13.643 | H10: =ROUND('6M'!H10*0.8917,4) -> 12.3946 | I10: =ROUND('6M'!I10*0.8917,4) -> 11.2354 | ... P10: =ROUND('6M'!P10*0.8917,4) -> 12.6621
A11: 9Y | B11: =ROUND('6M'!B11*0.8917,4) -> 2.3006 | C11: =ROUND('6M'!C11*0.8917,4) -> 10.1832 | D11: =ROUND('6M'!D11*0.8917,4) -> 21.7575 | E11: =ROUND('6M'!E11*0.8917,4) -> 18.7257 | F11: =ROUND('6M'!F11*0.8917,4) -> 14.8022 | G11: =ROUND('6M'!G11*0.8917,4) -> 13.4647 | H11: =ROUND('6M'!H11*0.8917,4) -> 12.3055 | I11: =ROUND('6M'!I11*0.8917,4) -> 11.2354 | ... P11: =ROUND('6M'!P11*0.8917,4) -> 12.1271
A12: 10Y | B12: =ROUND('6M'!B12*0.8917,4) -> 2.3452 | C12: =ROUND('6M'!C12*0.8917,4) -> 10.1921 | D12: =ROUND('6M'!D12*0.8917,4) -> 21.2225 | E12: =ROUND('6M'!E12*0.8917,4) -> 18.369 | F12: =ROUND('6M'!F12*0.8917,4) -> 14.6239 | G12: =ROUND('6M'!G12*0.8917,4) -> 13.2863 | H12: =ROUND('6M'!H12*0.8917,4) -> 12.2163 | I12: =ROUND('6M'!I12*0.8917,4) -> 11.2354 | ... P12: =ROUND('6M'!P12*0.8917,4) -> 11.7704
A13: 12Y | B13: =ROUND('6M'!B13*0.8917,4) -> 2.4254 | C13: =ROUND('6M'!C13*0.8917,4) -> 10.1475 | D13: =ROUND('6M'!D13*0.8917,4) -> 20.4199 | E13: =ROUND('6M'!E13*0.8917,4) -> 17.7448 | F13: =ROUND('6M'!F13*0.8917,4) -> 14.2672 | G13: =ROUND('6M'!G13*0.8917,4) -> 13.108 | H13: =ROUND('6M'!H13*0.8917,4) -> 12.038 | I13: =ROUND('6M'!I13*0.8917,4) -> 11.1463 | ... P13: =ROUND('6M'!P13*0.8917,4) -> 11.2354
... A17: 30Y | B17: =ROUND('6M'!B17*0.8917,4) -> 2.5592 | C17: =ROUND('6M'!C17*0.8917,4) -> 10.0138 | D17: =ROUND('6M'!D17*0.8917,4) -> 19.0824 | E17: =ROUND('6M'!E17*0.8917,4) -> 16.4965 | F17: =ROUND('6M'!F17*0.8917,4) -> 13.3755 | G17: =ROUND('6M'!G17*0.8917,4) -> 12.3946 | H17: =ROUND('6M'!H17*0.8917,4) -> 11.5921 | I17: =ROUND('6M'!I17*0.8917,4) -> 10.9679 | ... P17: =ROUND('6M'!P17*0.8917,4) -> 10.7896
